{"cameraMode":{"drawMode":0,"name":"Shaded","section":"Shading Mode"},"sceneLighting":true,"audioPlay":false,"sceneViewState":{"m_AlwaysRefresh":false,"showFog":true,"showSkybox":true,"showFlares":true,"showImageEffects":true,"showParticleSystems":true,"showVisualEffectGraphs":true,"m_FxEnabled":true},"in2DMode":false,"pivot":{"x":2.427183151245117,"y":-57.74158477783203,"z":85.93708801269531},"rotation":{"x":-0.0011785433162003756,"y":-0.15241095423698426,"z":-0.0001751429954310879,"w":0.9883431792259216},"size":2.654327392578125,"orthographic":false}